"Station";"Net";"Municipality";"Lat (N)";"Lon (E)";"Elev (m)";"EC8/NTC topographic category";"NTC08 soil category";"NTC18 soil category";"Reference"
"ACATE";"IV";"Acate";"37.0239";"14.5006";"210";"T1";"A*";"missing";"none"
"ACER";"IV";"Acerenza";"40.7867";"15.9427";"690";"T2*";"B*";"missing";"none"
"ACOM";"OX";"Acomizza";"46.5479";"13.5149";"1715";"T3*";"A*";"missing";"none"
"ACQ";"IT";"Acqui_Terme";"44.6826";"8.4624";"215";"T1";"C**";"missing";"none"
"AGOR";"OX";"Agordo";"46.2829";"12.0472";"631";"T1*";"B**";"missing";"none"
"ALB1";"XK";"Albi";"39.0237";"16.5973";"748";"missing";"A*";"missing";"none"
"AM01";"XO";"Amandola_torre_Podesta";"42.9805";"13.3587";"549";"T4**";"B*";"missing";"none"
"AM02";"XO";"Amandola_ITC";"42.9795";"13.3535";"516";"T3*";"B*";"missing";"none"
"AM03";"XO";"Amandola_ospedale";"42.9816";"13.3627";"511";"T4*";"B*";"missing";"none"
"AM04";"XO";"Amandola_versante_SE";"42.9833";"13.3650";"455";"T3*";"B*";"missing";"none"
"AM05";"XO";"Amandola_campo_sportivo";"42.9774";"13.3527";"464";"T1*";"B**";"missing";"none"
"AMAL";"ST";"Malcesine";"45.7989";"10.8399";"131";"T2*";"A*";"missing";"none"
"AMRC";"ST";"Marco";"45.8515";"11.0189";"201";"T1*";"B*";"missing";"none"
"AMUR";"IV";"Altamura";"40.9071";"16.6041";"443";"missing";"B*";"missing";"none"
"AND3";"IX";"Andretta";"40.9298";"15.3331";"905";"T1";"B**";"missing";"none"
"APEC";"IV";"Apecchio";"43.5584";"12.4199";"488";"T1";"B**";"missing";"none"
"APRC";"IV";"Apricena";"41.7573";"15.5430";"672";"T2*";"A*";"missing";"none"
"AQU";"MN";"LAquila";"42.3540";"13.4050";"710";"T1";"B**";"missing";"none"
"ARCI";"IV";"Arcidosso";"42.8519";"11.4754";"1080";"T1*";"B*";"missing";"none"
"ASOL";"IV";"Asolo";"45.8003";"11.9023";"181";"T2*";"B**";"missing";"none"
"ASQU";"IV";"Asqua";"43.7967";"11.7893";"860";"T2*";"B*";"missing";"none"
"ATBU";"IV";"Serra_di_Burano";"43.4757";"12.5482";"1000";"T3*";"B*";"missing";"none"
"ATCC";"IV";"Casa_Castalda";"43.1851";"12.6399";"557";"T2*";"B*";"missing";"none"
"ATFO";"IV";"Monte_Foce_Gubbio";"43.3666";"12.5715";"960";"T3";"B*";"missing";"none"
"ATLO";"IV";"Monte_Lovesco";"43.3151";"12.4072";"584";"T2**";"B*";"missing";"none"
"ATPC";"IV";"Poggio_Castellaccio";"43.4807";"12.4570";"810";"T4**";"B*";"missing";"none"
"ATPI";"IV";"Pietralunga";"43.4506";"12.4022";"694";"T1*";"B*";"missing";"none"
"ATTE";"IV";"Monte_Tezio";"43.1979";"12.3536";"929";"T3*";"A*";"missing";"none"
"ATVO";"IV";"Monte_Valentino";"43.3821";"12.4066";"638";"T2*";"B*";"missing";"none"
"AVG3";"IX";"Avigliano";"40.7619";"15.7251";"1213";"T2*";"B*";"missing";"none"
"AVL";"IT";"Avellino";"40.9228";"14.7870";"422";"T1";"C*";"missing";"none"
"BAD";"OX";"Bernadia";"46.2340";"13.2438";"590";"T2*";"B*";"missing";"none"
"BAG8";"IV";"Bagolino";"45.8228";"10.4664";"807";"T2*";"A*";"missing";"none"
"BALD";"OX";"Monte_Baldo";"45.6830";"10.8187";"1911";"T3*";"A*";"missing";"none"
"BARO";"IV";"Barbarano";"42.2479";"12.0512";"350";"T1*";"B*";"missing";"none"
"BDI";"IV";"Bagni_Lucca";"44.0623";"10.5969";"830";"T2*";"A**";"missing";"none"
"BEL3";"IX";"Bella";"40.7153";"15.6369";"758";"T1*";"B*";"missing";"none"
"BENI";"IX";"Benevento";"41.1298";"14.7716";"75";"T1";"C*";"missing";"none"
"BHB";"GU";"Bricherasio";"44.8352";"7.2633";"585";"T2*";"A*";"missing";"none"
"BIOG";"IV";"Campo_Reale";"41.1998";"15.1326";"623";"T1*";"B*";"missing";"none"
"BNI";"MN";"Bardonecchia";"45.0520";"6.6780";"1395";"T1";"C**";"missing";"none"
"BNO";"IT";"Breno";"45.9484";"10.2904";"441";"T1";"B**";"missing";"none"
"BOB";"IV";"Bobbio";"44.7679";"9.4478";"910";"T1*";"B*";"missing";"none"
"BOO";"OX";"Bordano";"46.3195";"13.0984";"444";"T2*";"B*";"missing";"none"
"BORM";"IV";"Bormio";"46.4694";"10.3764";"1235";"T1*";"A**";"missing";"none"
"BOTM";"IV";"Botticino_Mattina";"45.5416";"10.3213";"157";"T1";"C**";"missing";"none"
"BOTT";"IV";"Botticino";"45.5494";"10.3095";"200";"T2*";"A*";"missing";"none"
"BOZZ";"IV";"Bozzolo";"45.1071";"10.4820";"30";"T1";"C*";"missing";"none"
"BRIS";"IV";"Brisighella";"44.2245";"11.7665";"260";"T2*";"B*";"missing";"none"
"BRSN";"IV";"Barisano";"44.2841";"12.0802";"20";"T1";"C**";"missing";"none"
"BSC3";"IX";"Bisaccia";"41.0120";"15.3852";"980";"T2*";"B**";"missing";"none"
"BSSO";"IV";"Busso";"41.5461";"14.5938";"1010";"T2**";"A*";"missing";"none"
"BULG";"IV";"Bulgheria_Camerota";"40.0783";"15.3776";"815";"T4**";"A*";"missing";"none"
"BURY";"GU";"Ventimiglia";"43.7825";"7.5568";"20";"T1*";"A*";"missing";"none"
"CADA";"IV";"Capodarco";"43.1942";"13.7614";"148";"T1*";"B*";"missing";"none"
"CADC";"IV";"Capriano_del_Colle";"45.4555";"10.1287";"106";"T1";"C**";"missing";"none"
"CAFE";"IV";"Carife";"41.0280";"15.2366";"1070";"T2**";"A*";"missing";"none"
"CAFI";"IV";"Castiglion_Fiorentino";"43.3292";"11.9663";"547";"T2*";"B*";"missing";"none"
"CAPA";"IV";"Cerignola";"41.1582";"15.8169";"156";"T1*";"B*";"missing";"none"
"CAPR";"IV";"Capriolo";"45.6372";"9.9345";"215";"T1";"B**";"missing";"none"
"CAR1";"IV";"Carolei";"39.2534";"16.2114";"680";"T2*";"B*";"missing";"none"
"CARE";"ST";"Lago_Careser";"46.4252";"10.6945";"2605";"T2*";"A**";"missing";"none"
"CDCA";"IV";"Citta_Castello";"43.4584";"12.2336";"50";"T1";"C";"C";"none"
"CEL";"MN";"Celeste";"38.2603";"15.8939";"702";"T2*";"B*";"missing";"none"
"CELI";"IV";"Lago_Cecita";"39.4027";"16.5088";"1290";"T1*";"B*";"missing";"none"
"CERA";"IV";"Filignano";"41.5978";"14.0183";"800";"T1*";"A*";"missing";"none"
"CESI";"IV";"Cesi-Serravalle-di-Chienti";"43.0049";"12.9046";"840";"missing";"D*";"missing";"none"
"CGG3";"IX";"Caggiano";"40.5420";"15.5225";"1067";"T1*";"B*";"missing";"none"
"CGRP";"OX";"Cima_Grappa";"45.8806";"11.8047";"1757";"T3**";"A*";"missing";"none"
"CIMA";"IV";"Civitanova_Marche";"43.3052";"13.6700";"163";"T1*";"B";"B";"WG_INGV_DPC-B2_2018(See full reference)"
"CIMO";"OX";"Cimolais";"46.3116";"12.4448";"710";"T1*";"B**";"missing";"none"
"CLT3";"IX";"Calitri";"40.9030";"15.4043";"525";"T3*";"B**";"missing";"none"
"CLUD";"OX";"Cludinico";"46.4569";"12.8814";"635";"T2*";"A*";"missing";"none"
"CMP3";"IX";"Campagna";"40.6519";"15.0802";"958";"T4**";"B*";"missing";"none"
"CMPO";"IV";"Campotto_Po";"44.5808";"11.8056";"2";"T1";"D";"D";"WG_INGV_DPC-B2_2016(See full reference)"
"CNCS";"IV";"Concesio";"45.6060";"10.2170";"126";"T1";"B**";"missing";"none"
"COL3";"IX";"Colliano";"40.6871";"15.3304";"1026";"T2*";"B*";"missing";"none"
"COR1";"IV";"Corinaldo";"43.6318";"13.0003";"237";"T1";"B*";"missing";"none"
"CPGN";"IV";"Carpegna";"43.8011";"12.3205";"1400";"T2**";"B*";"missing";"none"
"CRM1";"IV";"Castel_Raimondo";"43.2100";"13.0580";"302";"T1";"C*";"missing";"none"
"CRMI";"IV";"Carmignano";"43.7955";"10.9795";"490";"T2*";"B*";"missing";"none"
"CRND";"IV";"Cornuda";"45.8361";"12.0131";"159";"T1";"B**";"missing";"none"
"CROCE";"IV";"Santa_Croce-Camerina";"36.8326";"14.5345";"112";"T1";"A*";"missing";"none"
"CRTC";"IV";"Cartoceto";"43.7684";"12.8830";"197";"missing";"B*";"missing";"none"
"CSG3";"IX";"Toppo_Castelgrande";"40.8181";"15.4633";"1253";"T1";"B*";"missing";"none"
"CSO1";"IT";"Carsoli_1";"42.1009";"13.0880";"680";"T2";"B*";"missing";"none"
"CTL8";"IV";"Castelleone";"45.2763";"9.7622";"66";"T1";"C";"C";"Mascandola_et_al_2016(See full reference)"
"CUC";"MN";"Castrocucco";"39.9938";"15.8155";"637";"T3";"A*";"missing";"none"
"DANT";"IT";"Danta_di_Cadore";"46.5675";"12.5199";"1453";"T1";"B*";"missing";"none"
"DOSS";"ST";"Dosso_Sommo";"45.8808";"11.1884";"1660";"T3*";"A**";"missing";"none"
"DRE";"OX";"Drenchia";"46.1729";"13.6432";"810";"T3*";"B*";"missing";"none"
"ECHR";"IV";"Biancavilla";"37.6863";"14.9129";"1171";"T1*";"A*";"missing";"none"
"EMCN";"IV";"Monte_Conca";"37.7912";"15.0336";"1916";"T1*";"A*";"missing";"none"
"ENIC";"IV";"Nicolisi";"37.6314";"15.0216";"886";"T1*";"A*";"missing";"none"
"EPIT";"IV";"Pozzo_Pitarrone";"37.8114";"15.0568";"1637";"T1*";"A*";"missing";"none"
"EPOZ";"IV";"Pozzillo";"37.6719";"15.1885";"121";"T1";"B**";"missing";"none"
"EUCT";"IV";"Pavia";"45.2026";"9.1349";"82";"T1";"C";"C";"WG_INGV_DPC-B2_2017(See full reference)"
"EVRN";"IV";"Santa_Venerina";"37.6892";"15.1356";"421";"T1";"B**";"missing";"none"
"FAEN";"IV";"Faenza";"44.2895";"11.8770";"41";"T1";"C*";"missing";"none"
"FANO";"IV";"Fano";"43.8434";"13.0183";"15";"T1";"C*";"missing";"none"
"FAVR";"IV";"Favara";"37.2671";"13.6670";"289";"T3*";"B*";"missing";"none"
"FAZ";"IT";"Faenza";"44.2980";"11.8907";"72";"T1";"C";"missing";"none"
"FCOR";"IV";"Fonte_Corniale";"43.7691";"12.8145";"555";"T3";"A*";"missing";"none"
"FDS";"IT";"Forni_di_Sopra";"46.4513";"12.5627";"1795";"missing";"A**";"missing";"none"
"FEMA";"IV";"Monte_Fema";"42.9621";"13.0497";"1370";"T2*";"B*";"missing";"none"
"FERC";"IV";"Galatro";"38.4527";"16.1280";"460";"T2*";"B*";"missing";"none"
"FERS";"IV";"Casaglia";"44.9035";"11.5406";"3";"T1";"C";"C";"Laurenzano_et_al_2013(See full reference)"
"FIAM";"IV";"Fiamignano";"42.2680";"13.1171";"1070";"T2*";"A*";"missing";"none"
"FIE";"IT";"Fiesole";"43.8072";"11.2944";"348";"T1";"B*";"missing";"none"
"FIR";"IV";"Firenze";"43.7743";"11.2551";"40";"T1";"C**";"missing";"none"
"FIU1";"IV";"Fiuminata";"43.1885";"12.9316";"479";"T1*";"B**";"missing";"none"
"FIVI";"GU";"Fivizzano";"44.2393";"10.1273";"380";"T2**";"B";"B";"Regione Toscana, VEL Project(See full reference)"
"FOPC";"IT";"Foligno";"42.9697";"12.7031";"300";"T1";"C**";"missing";"none"
"FOSD";"GU";"Fosdinovo";"44.1076";"9.9971";"560";"T1";"C*";"missing";"none"
"FOSV";"IV";"Fossato_di_Vico";"43.2948";"12.7611";"559";"T2*";"B*";"missing";"none"
"FRE8";"IV";"Fregona";"46.0156";"12.3551";"545";"T3**";"A*";"missing";"none"
"FREG";"IV";"Fregona";"46.0110";"12.3129";"500";"missing";"A*";"missing";"none"
"FUSE";"OX";"Fusea";"46.4142";"13.0011";"520";"T2*";"B*";"missing";"none"
"GAG1";"IV";"Gagliole";"43.2380";"13.0674";"484";"T3*";"B*";"missing";"none"
"GAGG";"ST";"Gaggia";"46.0835";"10.9587";"1617";"T4**";"A*";"missing";"none"
"GALF";"IV";"Gagliano_Castelferrato";"37.7107";"14.5665";"740";"T1*";"A*";"missing";"none"
"GATE";"IV";"Gambatesa";"41.5131";"14.9102";"487";"T3*";"B*";"missing";"none"
"GAVE";"IV";"Gavelli";"42.6922";"12.8942";"1161";"T2*";"A*";"missing";"none"
"GDFR";"IT";"Guardialfiera";"41.8034";"14.7971";"299";"missing";"B*";"missing";"none"
"GEA";"IT";"Gela";"37.0562";"14.3146";"62";"T1";"C";"missing";"none"
"GLNS";"IT";"Guglionesi";"41.9120";"14.9182";"346";"missing";"B*";"missing";"none"
"GNU";"IT";"Giano_Umbria";"42.8038";"12.5702";"1085";"T1";"A*";"missing";"none"
"GNV";"IT";"Genova";"44.4317";"8.9320";"419";"T1";"A";"missing";"none"
"GRIS";"IV";"Grisolia";"39.7405";"15.8531";"551";"T2**";"A*";"missing";"none"
"GUAR";"IV";"Guarcino";"41.7945";"13.3122";"741";"T3*";"A*";"missing";"none"
"GUMA";"IV";"Gualdo_Macerata";"43.0627";"13.3335";"574";"T1*";"B*";"missing";"none"
"HLNI";"IV";"Lentini";"37.3485";"14.8720";"149";"T1*";"C*";"missing";"none"
"HMDC";"IV";"Modica";"36.9590";"14.7831";"595";"missing";"A*";"missing";"none"
"HVZN";"IV";"Vizzini";"37.1783";"14.7155";"790";"T1*";"A*";"missing";"none"
"IACL";"IV";"Alicudi";"38.5339";"14.3565";"165";"T2*";"A*";"missing";"none"
"IBCM";"IV";"Ischia";"40.7108";"13.9161";"314";"missing";"B*";"missing";"none"
"ILLI";"IV";"Lipari";"38.4457";"14.9483";"284";"T3*";"A*";"missing";"none"
"ILOS";"IV";"Lipari";"38.4457";"14.9483";"284";"T3*";"A*";"missing";"none"
"IMOL";"IV";"Imola";"44.3595";"11.7424";"27";"T1";"C*";"missing";"none"
"INTR";"IV";"Introdacqua";"42.0115";"13.9046";"924";"T3";"A*";"missing";"none"
"ISPIC";"IV";"Ispica";"36.7804";"14.9033";"260";"T1";"A*";"missing";"none"
"IVPL";"IV";"Vulcano_Piano";"38.3763";"14.9801";"486";"T2**";"B*";"missing";"none"
"JOPP";"IV";"Joppolo";"38.6068";"15.8856";"500";"T1*";"A**";"missing";"none"
"LAV9";"IV";"Lanuvio";"41.6777";"12.6988";"300";"T2*";"C";"C";"none"
"LEC";"IT";"Lecco";"45.8612";"9.4122";"231";"T1";"B*";"missing";"none"
"LEOD";"IV";"Capriano_Colle";"45.4582";"10.1234";"93";"T1";"C**";"missing";"none"
"LGS3";"IX";"Luogosano";"40.9865";"14.9906";"413";"T1";"B**";"missing";"none"
"LIO3";"IX";"Lioni";"40.8969";"15.1804";"737";"T1*";"B*";"missing";"none"
"LNSS";"IV";"Leonessa";"42.6028";"13.0403";"1155";"T3*";"B*";"missing";"none"
"LNT";"IT";"Lentini";"37.2884";"15.0022";"117";"T1";"A";"missing";"none"
"LPEL";"IV";"Lama_dei_Peligni";"42.0468";"14.1832";"760";"T1*";"A*";"missing";"none"
"LRNO";"IT";"Larino";"41.8066";"14.9201";"409";"missing";"B*";"missing";"none"
"LTRZ";"IV";"Laterza";"40.6032";"16.8191";"381";"T1";"B*";"missing";"none"
"MAON";"IV";"Monte_Argentario";"42.4282";"11.1309";"237";"T3*";"A*";"missing";"none"
"MARN";"OX";"Marana";"45.6378";"11.2099";"785";"T2*";"B*";"missing";"none"
"MBAL";"IV";"Novezzina";"45.6975";"10.8589";"1215";"T2*";"A**";"missing";"none"
"MBFT";"IV";"Monte_Bonifato";"37.9461";"12.9534";"520";"T3*";"A*";"missing";"none"
"MCEL";"IV";"Monticello";"40.3249";"15.8019";"960";"T3*";"A*";"missing";"none"
"MCIF";"IV";"Montecalvo_Foglia";"43.8115";"12.6316";"330";"T3*";"B*";"missing";"none"
"MCLF";"IT";"Montecilfone";"41.9016";"14.8374";"397";"missing";"B*";"missing";"none"
"MDAR";"IV";"Monte_Daria";"43.1927";"13.1427";"940";"T3**";"B*";"missing";"none"
"MDI";"IV";"Monte_di_Nese";"45.7697";"9.7160";"954";"T3*";"A*";"missing";"none"
"MELA";"IV";"Melanico_S_Croce_Magliano";"41.7059";"15.1270";"115";"T1";"B**";"missing";"none"
"MERA";"IV";"Merate";"45.7054";"9.4291";"343";"T1";"C**";"missing";"none"
"MESG";"IV";"Mesagne";"40.5894";"17.8504";"78";"T1";"B*";"missing";"none"
"MGAB";"IV";"Montegabbione";"42.9126";"12.1121";"547";"T1*";"A*";"missing";"none"
"MGR";"IV";"Morigerati";"40.1376";"15.5535";"288";"T2*";"B*";"missing";"none"
"MGRO";"GU";"Montegrosso_Pianlatte";"44.0426";"7.8082";"1690";"T3*";"A*";"missing";"none"
"MIDA";"IV";"Miranda";"41.6418";"14.2540";"950";"T2*";"A*";"missing";"none"
"MILN";"IV";"Milano";"45.4803";"9.2321";"125";"T1";"C";"C";"restricted(See full reference)"
"MIR07";"IV";"Ostiglia";"45.0810";"11.1300";"13";"T1";"C";"missing";"none"
"MLCO";"IV";"Chiesa_Val_Malenco";"46.2918";"9.8638";"2030";"missing";"A*";"missing";"none"
"MLN";"OX";"Malnisio";"46.1495";"12.6154";"814";"T2*";"B*";"missing";"none"
"MML1";"IV";"Monte_Lago";"43.1135";"12.9717";"943";"T1";"A*";"missing";"none"
"MMO1";"IV";"Montemonaco";"42.8993";"13.3268";"982";"T2*";"B*";"missing";"none"
"MMP1";"IT";"Mompeo_1";"42.2492";"12.7483";"471";"T1";"A";"missing";"none"
"MMUR";"IV";"Monte_Murano";"43.4418";"12.9973";"800";"T2**";"A*";"missing";"none"
"MNS";"IV";"Montasola";"42.3854";"12.6810";"706";"T3*";"A*";"missing";"none"
"MNT3";"IX";"Montella";"40.8370";"15.0067";"866";"T3*";"B*";"missing";"none"
"MNTP";"IV";"Montappone";"43.1373";"13.4692";"325";"T1";"B*";"missing";"none"
"MNTV";"IV";"Mantova";"45.1495";"10.7897";"38";"T1";"C";"C";"WG_INGV_DPC-B2_2017(See full reference)"
"MOCO";"IV";"Biccari_Monte_Cornacchia";"41.3700";"15.1580";"1049";"T1*";"B*";"missing";"none"
"MODE";"IV";"Modena";"44.6297";"10.9491";"41";"T1";"C";"C";"WG_INGV_DPC-B2_2018(See full reference)"
"MOMA";"IV";"Monte_Martano";"42.8010";"12.5681";"1040";"T2*";"A*";"missing";"none"
"MPAG";"IV";"Monte_Paganuccio";"43.6292";"12.7595";"930";"T2**";"B*";"missing";"none"
"MPAZ";"IV";"Palizzi";"37.9530";"16.0068";"503";"T2*";"A*";"missing";"none"
"MPRI";"OX";"Monte_Prat";"46.2408";"12.9877";"762";"T2**";"B*";"missing";"none"
"MRB1";"IV";"Monte_Rocchetta";"41.1227";"14.9681";"688";"T3*";"B*";"missing";"none"
"MRLC";"IV";"Muro_Lucano";"40.7564";"15.4889";"605";"T2*";"B*";"missing";"none"
"MRN3";"IX";"Marsico_Nuovo";"40.4256";"15.7296";"772";"T1*";"D*";"missing";"none"
"MRNE";"IV";"Marone";"45.7397";"10.1175";"600";"missing";"A*";"missing";"none"
"MSAG";"IV";"Monte_S_Angelo";"41.7120";"15.9096";"890";"T2**";"A*";"missing";"none"
"MSRU";"IV";"Castanea";"38.2639";"15.5083";"409";"T3*";"B*";"missing";"none"
"MTCL";"IT";"Monte_Cavallo";"42.9939";"12.9994";"660";"missing";"B*";"missing";"none"
"MTFT";"IT";"Montefortino";"42.9419";"13.3426";"582";"missing";"B*";"missing";"none"
"MTL1";"IV";"Matelica";"43.2567";"13.0096";"353";"T1";"C*";"missing";"none"
"MTMR";"IV";"Montemarano";"40.9184";"15.0025";"850";"T1*";"B**";"missing";"none"
"MTRA";"IV";"Matera_Acquasanta_Terme";"42.7566";"13.3965";"809";"T3*";"A*";"missing";"none"
"MTRZ";"IV";"Monterenzio";"44.3128";"11.4248";"570";"T3*";"B*";"missing";"none"
"MURB";"IV";"Monte_Urbino";"43.2630";"12.5246";"845";"T2**";"B*";"missing";"none"
"NAPI";"IX";"Monte_SantAngelo";"40.8400";"14.1800";"120";"T2*";"C*";"missing";"none"
"NDIM";"IV";"Novi_Modena";"44.8873";"10.8987";"19";"T1";"C";"C";"UniBas_SIGMA_Project(See full reference)"
"NEG8";"IV";"Negrar";"45.4976";"10.9482";"167";"missing";"A*";"missing";"none"
"NEVI";"IV";"Neviano_Arduini";"44.5809";"10.3130";"480";"T1**";"B*";"missing";"none"
"NOV";"IV";"Novara_di_Sicilia";"38.0278";"15.1367";"775";"T2*";"B*";"missing";"none"
"NRCA";"IV";"Norcia";"42.8335";"13.1142";"927";"T1*";"B";"B";"WG_INGV_DPC-B2_2018(See full reference)"
"NSC3";"IX";"Nusco";"40.8468";"15.1222";"1300";"T2**";"B**";"missing";"none"
"OPI";"IT";"Opi";"41.7763";"13.8302";"1170";"missing";"B*";"missing";"none"
"OPPE";"IV";"Oppenano";"45.3082";"11.1723";"20";"T1";"C";"C";"WG_INGV_DPC-B2_2017(See full reference)"
"ORP";"IT";"Orsara_di_Puglia";"41.2792";"15.2649";"717";"T1";"B";"missing";"none"
"ORZI";"IV";"Orzinuovi";"45.4056";"9.9307";"83";"T1";"C*";"missing";"none"
"OSSC";"IV";"Zona_Poggibonsi";"43.5235";"11.2457";"452";"T1";"B*";"missing";"none"
"OZOL";"ST";"Ozolo";"46.4040";"11.0518";"1219";"T4**";"A*";"missing";"none"
"PANI";"ST";"Panarotta";"46.0501";"11.3341";"1983";"T3*";"A**";"missing";"none"
"PAOL";"IV";"Paolisi";"41.0312";"14.5674";"715";"T2*";"A*";"missing";"none"
"PCN";"IV";"Piacenza";"45.0353";"9.7247";"55";"T1";"C**";"missing";"none"
"PCRO";"IV";"Pietra_Croce";"43.6076";"13.5323";"165";"T1";"B*";"missing";"none"
"PGN3";"IX";"Pignola";"40.5722";"15.7967";"882";"T1*";"A*";"missing";"none"
"PIEI";"IV";"Pieia";"43.5356";"12.5350";"665";"T3*";"A*";"missing";"none"
"PIGN";"IV";"Pignataro_Maggiore";"41.2000";"14.1798";"398";"T3*";"A*";"missing";"none"
"PIO1";"IV";"Pioraco";"43.1781";"12.9837";"460";"T1*";"B*";"missing";"none"
"PIPA";"IV";"Pietra_Paola";"39.4851";"16.8158";"479";"T1*";"B*";"missing";"none"
"PLAC";"IV";"Placanica";"38.4494";"16.4383";"602";"T2*";"A*";"missing";"none"
"PLRO";"OX";"Paularo";"46.5491";"13.1481";"1410";"T2*";"B*";"missing";"none"
"PLTA";"IT";"Palata";"41.8864";"14.7893";"486";"missing";"B*";"missing";"none"
"PNAL";"IT";"Ponte_nelle_Alpi";"46.1729";"12.2987";"462";"missing";"A*";"missing";"none"
"POFI";"IV";"Posta_Fibreno";"41.7174";"13.7120";"878";"T1";"A*";"missing";"none"
"PP3";"IV";"Macerata";"43.3778";"13.6095";"21";"T1";"C**";"missing";"none"
"PPL1";"IT";"Portopalo_Capo_Passero";"36.6857";"15.1328";"83";"T1";"B";"missing";"none"
"PRED";"OX";"Cave_Predil";"46.4428";"13.5650";"902";"T2";"A*";"missing";"none"
"PSB1";"IV";"Pesco_Sannita";"41.2234";"14.8107";"551";"T1";"B*";"missing";"none"
"PST3";"IX";"Postiglione";"40.5609";"15.2433";"762";"T3*";"B**";"missing";"none"
"PTRJ";"IV";"Pietraroja";"41.3641";"14.5290";"1027";"T2*";"A*";"missing";"none"
"PZUN";"IV";"Potenza";"40.6458";"15.8070";"820";"T1";"B*";"missing";"none"
"RCU";"IT";"Reggio_Calabria";"38.1214";"15.6662";"128";"T1";"B";"missing";"none"
"RDM3";"IX";"Ruvo_del_Monte";"40.8755";"15.5361";"784";"T3";"B*";"missing";"none"
"REMY";"GU";"Saint_Rhemy_en_Bosses";"45.8378";"7.1565";"2448";"T2*";"A**";"missing";"none"
"RM33";"IV";"zona_Paganica";"42.5089";"13.2145";"1097";"T2*";"B*";"missing";"none"
"RMMM";"IT";"Roma_Monte_Mario";"41.9232";"12.4526";"157";"T1";"B*";"missing";"none"
"RMVT";"IT";"Roma_Vitorchiano";"41.9560";"12.4859";"76";"T1";"D*";"missing";"none"
"RNI2";"IV";"Rionere_Sannitico";"41.7032";"14.1524";"950";"T1*";"A*";"missing";"none"
"ROM9";"IV";"Roma_sede";"41.8284";"12.5155";"110";"T1";"B";"B";"none"
"RONC";"ST";"Roncone";"45.9802";"10.6228";"1913";"T4**";"A**";"missing";"none"
"ROVR";"IV";"Rovere_Veronese";"45.6468";"11.0721";"1316";"T2**";"A*";"missing";"none"
"RRL";"GU";"Rocca_Remolon";"44.9210";"6.7900";"2175";"T2*";"A**";"missing";"none"
"RSF3";"IX";"Rocca_San_Felice";"40.9643";"15.1760";"865";"T1";"B*";"missing";"none"
"RSP";"GU";"Reno_Superiore";"45.1481";"7.2653";"1285";"T2";"A**";"missing";"none"
"SABO";"OX";"Mt_Sabotino";"45.9875";"13.6337";"621";"T4*";"B*";"missing";"none"
"SACR";"IV";"S_Croce_Sannio";"41.3974";"14.7057";"859";"T1";"A*";"missing";"none"
"SACS";"IV";"San_Casciano_Bagni";"42.8490";"11.9096";"845";"T1";"B*";"missing";"none"
"SAIV";"IV";"SantAngelo_in_Vado";"43.6648";"12.4130";"360";"T1";"C*";"missing";"none"
"SALB";"IV";"San_Lorenzo_Bellizzi";"39.8772";"16.3459";"1200";"T2**";"B*";"missing";"none"
"SALI";"IX";"SantAngelo_dei_Lombardi";"40.9300";"15.1800";"872";"T1";"B**";"missing";"none"
"SALO";"IV";"Salo";"45.6183";"10.5243";"600";"T2*";"A*";"missing";"none"
"SANR";"IV";"Sandrigo";"45.6400";"11.6099";"51";"T1";"C";"C";"WG_INGV_DPC-B2_2016(See full reference)"
"SARZ";"IV";"Sarezzano";"44.8673";"8.9136";"266";"T1";"B*";"missing";"none"
"SATI";"GU";"Passo_Salati";"45.8753";"7.8685";"3005";"T2*";"A*";"missing";"none"
"SBPO";"IV";"San_Benedetto_Po";"45.0510";"10.9198";"10";"T1*";"C**";"missing";"none"
"SCIAR";"IV";"Sciara";"37.9406";"13.7492";"490";"T1*";"B*";"missing";"none"
"SCL3";"IX";"Muro_Lucano";"40.6951";"15.5114";"744";"T2*";"B*";"missing";"none"
"SEF1";"IV";"Sefro";"43.1468";"12.9476";"518";"T1*";"E";"E";"WG_INGV_DPC-B2_2018(See full reference)"
"SELL";"XK";"Sellia";"38.9830";"16.6279";"633";"missing";"A*";"missing";"none"
"SENI";"IV";"Senigallia";"43.7052";"13.2331";"10";"T1";"C";"C";"none"
"SERM";"IV";"Semide";"45.0099";"11.2958";"7";"T1";"C**";"missing";"none"
"SERS";"IV";"Sersale";"39.0359";"16.6886";"1221";"T2*";"A**";"missing";"none"
"SFI";"IV";"S_Sofia";"43.9047";"11.8469";"548";"T1*";"B*";"missing";"none"
"SFL3";"IX";"San_Fele";"40.7889";"15.5782";"1062";"T2*";"B*";"missing";"none"
"SGAL";"IV";"Botticino_San_Gallo";"45.5635";"10.3106";"460";"T2";"A*";"missing";"none"
"SGG";"IV";"San_Gregorio_Matese";"41.3867";"14.3791";"880";"T2*";"A*";"missing";"none"
"SGO";"IV";"Siciniano_Alburni";"40.5604";"15.3073";"651";"missing";"A*";"missing";"none"
"SGSC";"IT";"San_Giuliano_Puglia";"41.6892";"14.9581";"517";"T1";"B*";"missing";"none"
"SGTA";"IV";"Sant_Agata_Puglia";"41.1350";"15.3650";"890";"T1";"B*";"missing";"none"
"SIRI";"IV";"Monte_Sirino_Moliterno";"40.1821";"15.8675";"1063";"T2*";"B*";"missing";"none"
"SLC1";"IT";"Sala_Consilina";"40.3951";"15.5960";"563";"T1";"C**";"missing";"none"
"SLCN";"IV";"Sala_Consilina";"40.3900";"15.6327";"986";"T3**";"B*";"missing";"none"
"SNAL";"IV";"San_Angelo_Lombardi";"40.9254";"15.2090";"874";"T2*";"A*";"missing";"none"
"SNR3";"IX";"Senerchia";"40.7357";"15.1927";"1009";"T2**";"B*";"missing";"none"
"SNS1";"IT";"Sansepolcro";"43.5735";"12.1312";"366";"T1";"C**";"missing";"none"
"SNTG";"IV";"Esanatoglia";"43.2550";"12.9405";"650";"T2";"A*";"missing";"none"
"SRN3";"IX";"Sant_Arsenio";"40.4861";"15.4580";"1067";"T2**";"B*";"missing";"none"
"SSB3";"IX";"San_Sossio_Baronia";"41.0785";"15.2292";"724";"T1";"B*";"missing";"none"
"SSFR";"IV";"Montelago_Sassoferrato";"43.4362";"12.7822";"750";"T1";"A*";"missing";"none"
"SSM1";"IV";"San_Severino_Marche";"43.2287";"13.1769";"240";"T1";"B*";"missing";"none"
"SSY";"IV";"Sortino";"37.1577";"15.0737";"600";"T2*";"A*";"missing";"none"
"STAL";"IV";"Staligial";"46.2601";"12.7104";"625";"T2";"B*";"missing";"none"
"STN3";"IX";"Satriano";"40.5300";"15.6515";"832";"T1**";"B*";"missing";"none"
"SULA";"IT";"Sulmona";"42.0734";"13.9166";"412";"T1";"C**";"missing";"none"
"SULC";"IT";"Sulmona";"42.0680";"13.9090";"423";"T1";"C**";"missing";"none"
"SULP";"IT";"Sulmona";"42.0850";"13.9274";"405";"T1";"B**";"missing";"none"
"T0104";"IV";"Zona_Coppito";"42.3599";"13.3382";"754";"T2**";"B*";"missing";"none"
"T0701";"IV";"Zona_Pollino";"39.9861";"16.1161";"882";"T2*";"B*";"missing";"none"
"T0721";"IV";"Laino_Castello";"39.9369";"15.9769";"535";"T2**";"A*";"missing";"none"
"T0724";"IV";"Tremoli";"39.8487";"15.8764";"357";"T2*";"B*";"missing";"none"
"T0819";"IV";"Novi_Modena";"44.8873";"10.8987";"19";"T1";"C";"missing";"UniBas_SIGMA_Project(See full reference)"
"T0821";"IV";"Casaglia";"44.9035";"11.5406";"3";"T1";"C";"missing";"Laurenzano_et_al_2013(See full reference)"
"T0911";"IV";"Castelpoggio";"44.1117";"10.0737";"520";"T2*";"B*";"missing";"none"
"T0912";"IV";"Milucciano";"44.1685";"10.2095";"687";"T1*";"A*";"missing";"none"
"T1011";"IV";"San_Potito_Sannitico";"41.3596";"14.4174";"1152";"T3*";"A*";"missing";"none"
"T1012";"IV";"Faicchio";"41.2623";"14.4965";"599";"T3*";"A*";"missing";"none"
"T1101";"IV";"Campobasso";"41.4746";"14.5360";"510";"T1";"C**";"missing";"none"
"T1201";"IV";"Domo";"42.6573";"13.2508";"934";"T2**";"B*";"missing";"none"
"T1211";"IV";"Morro_Reatino";"42.5328";"12.8551";"979";"T2";"A**";"missing";"none"
"T1212";"IV";"Cascia_Avendita";"42.7515";"13.0446";"869";"T1";"B*";"missing";"none"
"T1213";"IV";"Norcia_Savelli";"42.7249";"13.1257";"860";"T1";"B*";"missing";"none"
"T1214";"IV";"Arquata_del_Tronto";"42.7595";"13.2086";"1490";"T1";"A*";"missing";"none"
"T1215";"IV";"Reggiano";"42.8018";"12.8685";"695";"T1*";"B*";"missing";"none"
"T1216";"IV";"Castelvecchio";"42.8906";"13.0190";"620";"T1*";"B*";"missing";"none"
"T1217";"IV";"Poggiodomo";"42.7119";"12.9313";"1004";"T2*";"B*";"missing";"none"
"T1218";"IV";"Civita";"42.6699";"13.1152";"1184";"T1";"B**";"missing";"none"
"T1219";"IV";"Massaprofoglio";"43.0558";"13.0047";"717";"T1";"B*";"missing";"none"
"T1220";"IV";"Baregnano";"43.1101";"13.0889";"474";"T1";"B*";"missing";"none"
"T1221";"IV";"Spina_Nuova";"42.8561";"12.8414";"951";"T1";"A*";"missing";"none"
"T1222";"IV";"Castel_S_Angelo_Ville";"42.4013";"13.0367";"556";"T1*";"B*";"missing";"none"
"T1241";"IV";"Osoli";"42.8563";"13.4311";"664";"T2**";"B*";"missing";"none"
"T1242";"IV";"Castelluccio_Norcia";"42.8292";"13.2043";"1451";"T2**";"A*";"missing";"none"
"T1243";"IV";"Ceppo_Pietralta";"42.6965";"13.4483";"1120";"T2*";"B*";"missing";"none"
"T1244";"IV";"Spelonga";"42.7569";"13.2977";"950";"T2*";"B*";"missing";"none"
"T1245";"IV";"Castel_S_Angelo_sul_Nera";"42.8565";"13.1879";"1541";"T4";"A**";"missing";"none"
"T1256";"IV";"Sassotetto";"43.0063";"13.2260";"1536";"T2";"A*";"missing";"none"
"T1299";"IV";"Amatrice";"42.6342";"13.2822";"940";"T1*";"B*";"missing";"none"
"T1361";"ZM";"Lacco_Ameno";"40.7566";"13.8788";"7";"T1*";"B*";"missing";"none"
"T1363";"ZM";"Casamicciola";"40.7455";"13.9135";"50";"T1*";"B*";"missing";"none"
"T1365";"ZM";"Barano";"40.7014";"13.9181";"130";"T2";"B*";"missing";"none"
"T1366";"ZM";"Casamicciola";"40.7373";"13.9046";"213";"T2*";"B*";"missing";"none"
"T1411";"YD";"Gugnonesi";"41.9461";"14.9257";"121";"missing";"B*";"missing";"none"
"T1412";"YD";"Lupara";"41.7839";"14.7675";"420";"missing";"B*";"missing";"none"
"T1413";"YD";"San_Martino_Pensilis";"41.8520";"15.0171";"240";"missing";"B*";"missing";"none"
"T1414";"YD";"Larino";"41.8198";"14.8976";"290";"missing";"B*";"missing";"none"
"T1415";"YD";"Palata";"41.8795";"14.8249";"420";"missing";"B*";"missing";"none"
"T1573";"X3";"Gallitello";"37.8628";"12.9300";"183";"missing";"C*";"missing";"none"
"T1574";"X3";"Salemi";"37.8421";"12.8223";"461";"missing";"A*";"missing";"none"
"T1581";"X3";"Borgo_Fazio";"37.8533";"12.6877";"270";"missing";"A*";"missing";"none"
"T1582";"X3";"Santa_Ninfa";"37.7461";"12.7781";"164";"missing";"B*";"missing";"none"
"TEGI";"IX";"Teggiano";"40.3799";"15.5365";"568";"T2*";"A**";"missing";"none"
"TERO";"IV";"Teramo";"42.6227";"13.6039";"673";"T3*";"B*";"missing";"none"
"TIP";"MN";"Timpagrande";"39.1794";"16.7583";"789";"T1*";"A**";"missing";"none"
"TRE1";"IV";"Treia";"43.3111";"13.3128";"330";"T3**";"B*";"missing";"none"
"TREG";"IV";"Tregnago";"45.5229";"11.1606";"342";"T1";"C**";"missing";"none"
"TREM";"IV";"Isole_Tremiti_S.Nicola";"42.1230";"15.5100";"120";"missing";"B*";"missing";"none"
"TRIV";"IV";"Trivento";"41.7666";"14.5502";"598";"T1";"B*";"missing";"none"
"TRN1";"IT";"Terni";"42.5582";"12.6461";"175";"T1";"D*";"missing";"none"
"TUE";"MN";"Stuetta";"46.4722";"9.3473";"1924";"T1*";"A*";"missing";"none"
"UMBT";"IT";"Umbertide";"43.3040";"12.3437";"252";"missing";"C*";"missing";"none"
"VAGA";"IV";"Valle_Agricola";"41.4154";"14.2342";"795";"T2*";"A*";"missing";"none"
"VALS";"IT";"Valles";"46.3388";"11.8017";"2086";"T1";"B*";"missing";"none"
"VARA";"ST";"Varagna";"45.8260";"10.8965";"1735";"T4**";"A*";"missing";"none"
"VARN";"OX";"Varnada";"45.9933";"12.1048";"1265";"T3*";"A*";"missing";"none"
"VDP3";"IX";"Vietri_di_Potenza";"40.6052";"15.5721";"959";"T1**";"B*";"missing";"none"
"VDS3";"IX";"Muro_Lucano";"40.7408";"15.4270";"1154";"T3*";"B*";"missing";"none"
"VENL";"IV";"Venezia_Lido";"45.4167";"12.3765";"4";"T1";"D*";"missing";"none"
"VGG3";"IX";"Viggiano";"40.3360";"15.9010";"882";"T2*";"B*";"missing";"none"
"VITU";"IV";"Vitulano";"41.1832";"14.6301";"848";"T2*";"A*";"missing";"none"
"VLC";"MN";"Villacollemandina";"44.1594";"10.3864";"555";"T1";"A*";"missing";"none"
"VNF1";"IT";"Venafro";"41.4805";"14.0501";"231";"T1";"C**";"missing";"none"
"VOBA";"IV";"Vobarno";"45.6429";"10.5040";"292";"T1*";"C*";"missing";"none"
"VOLT";"IV";"Volta_Mantovana";"45.3132";"10.6605";"107";"missing";"B*";"missing";"none"
"VRB";"IT";"Verbania";"45.9318";"8.5589";"268";"T1";"C**";"missing";"none"
"VULT";"IV";"Monte_Vulture";"40.9549";"15.6163";"1101";"T3*";"B*";"missing";"none"
"VVLD";"IV";"Villavallelonga";"41.8696";"13.6232";"1051";"T2**";"B*";"missing";"none"
"WDD";"MN";"Wied_Dalam";"35.8373";"14.5242";"44";"T1*";"A*";"missing";"none"
"ZCCA";"IV";"Zocca";"44.3508";"10.9765";"700";"T1*";"B*";"missing";"none"
"ZEN8";"IV";"San_Zeno_Montagna";"45.6378";"10.7319";"596";"T2**";"A**";"missing";"none"
"ZIAN";"ST";"Ziano";"46.2764";"11.5632";"1154";"T2*";"A**";"missing";"none"
"ZONE";"IV";"Zone";"45.7636";"10.1171";"691";"T1";"B*";"missing";"none"
"ZOU2";"OX";"Zouf_Plan";"46.5584";"12.9729";"1911";"T4*";"B*";"missing";"none"
"ZOVE";"IV";"Zovencedo";"45.4536";"11.4876";"376";"T2**";"A**";"missing";"none"